{
  "data": {
    "proposals": [
      {
        "id": "46905320292877192134536823079608810426433248493109520384601548724615383601450",
        "title": "# AIP: ArbOS 20 “Atlas” - Arbitrum Support for Dencun + Batch Poster Improvements ",
        "start": {
          "id": "eip155:1:19243942",
          "number": 19243942,
          "timestamp": "2024-02-17T00:11:35Z"
        },
        "end": {
          "id": "eip155:1:19344742",
          "number": 19344742,
          "timestamp": "2024-03-02T03:16:23Z"
        },
        "governanceId": "eip155:42161:0xf07DeD9dC292157749B6Fd268E37DF6EA38395B9",
        "proposer": {
          "id": "eip155:1:0xb5B069370Ef24BC67F114e185D185063CE3479f8"
        },
        "voteStats": [
          {
            "votes": "7430",
            "weight": "186560837297924889640135567",
            "support": "FOR",
            "percent": 99.98215389923965
          },
          {
            "votes": "1549",
            "weight": "14486111413270418611040",
            "support": "AGAINST",
            "percent": 0.0077634333212721115
          },
          {
            "votes": "1535",
            "weight": "18813666302147918415291",
            "support": "ABSTAIN",
            "percent": 0.010082667439074657
          }
        ],
        "participationType": "notdelegate",
        "tallyProposal": {
          "id": "32efec30-c69e-4010-8696-125325aa6a7b",
          "createdAt": "2024-02-13T13:09:25.678379Z",
          "status": "CONFIRMED"
        }
      },
      {
        "id": "28300903567340237987946172947371304329455149918972967618773111648600015289785",
        "title": "# Changes to the Constitution and the Security Council Election Process",
        "start": {
          "id": "eip155:1:19199507",
          "number": 19199507,
          "timestamp": "2024-02-10T18:33:23Z"
        },
        "end": {
          "id": "eip155:1:19301564",
          "number": 19301564,
          "timestamp": "2024-02-25T02:17:47Z"
        },
        "governanceId": "eip155:42161:0xf07DeD9dC292157749B6Fd268E37DF6EA38395B9",
        "proposer": {
          "id": "eip155:1:0xAD16ebE6FfC7d96624A380F394cD64395B0C6144"
        },
        "voteStats": [
          {
            "votes": "9297",
            "weight": "157613065167565860187726704",
            "support": "FOR",
            "percent": 99.96358059198892
          },
          {
            "votes": "1904",
            "weight": "24227776620350300228936",
            "support": "AGAINST",
            "percent": 0.015366082108600966
          },
          {
            "votes": "1639",
            "weight": "33194881654016421193554",
            "support": "ABSTAIN",
            "percent": 0.021053325902487752
          }
        ],
        "participationType": "notdelegate",
        "tallyProposal": {
          "id": "b0e7a50e-9e12-43ab-a2ce-b123e0a1f2ca",
          "createdAt": "2024-02-07T13:21:53.864177Z",
          "status": "CONFIRMED"
        }
      },
      {
        "id": "110767177349707239820875764565747830009768307680609166467172874966002003291288",
        "title": "# Long Term Incentives Pilot Program",
        "start": {
          "id": "eip155:1:19151517",
          "number": 19151517,
          "timestamp": "2024-02-04T00:52:47Z"
        },
        "end": {
          "id": "eip155:1:19252317",
          "number": 19252317,
          "timestamp": "2024-02-18T04:27:11Z"
        },
        "governanceId": "eip155:42161:0x789fC99093B09aD01C34DC7251D0C89ce743e5a4",
        "proposer": {
          "id": "eip155:1:0xb5B069370Ef24BC67F114e185D185063CE3479f8"
        },
        "voteStats": [
          {
            "votes": "8878",
            "weight": "140402344360891519379293889",
            "support": "FOR",
            "percent": 92.44905751608188
          },
          {
            "votes": "865",
            "weight": "3020160763610167434418479",
            "support": "AGAINST",
            "percent": 1.9886492452371272
          },
          {
            "votes": "302",
            "weight": "8447452377734579854667356",
            "support": "ABSTAIN",
            "percent": 5.562293238680989
          }
        ],
        "participationType": "notdelegate",
        "tallyProposal": {
          "id": "ae21d019-b4a2-4c3f-840c-e46e50b49428",
          "createdAt": "2024-01-31T16:42:40.914188Z",
          "status": "CONFIRMED"
        }
      },
      {
        "id": "43616303506326656287362617487331059827021737444126158637397168372555259240241",
        "title": "# Proposal [Non-Constitutional]: Establish the ArbitrumDAO Procurement Committee",
        "start": {
          "id": "eip155:1:19056996",
          "number": 19056996,
          "timestamp": "2024-01-21T18:22:23Z"
        },
        "end": {
          "id": "eip155:1:19157796",
          "number": 19157796,
          "timestamp": "2024-02-04T22:05:35Z"
        },
        "governanceId": "eip155:42161:0x789fC99093B09aD01C34DC7251D0C89ce743e5a4",
        "proposer": {
          "id": "eip155:1:0xb5B069370Ef24BC67F114e185D185063CE3479f8"
        },
        "voteStats": [
          {
            "votes": "10418",
            "weight": "139807964065623243584762893",
            "support": "FOR",
            "percent": 99.41079925306752
          },
          {
            "votes": "1992",
            "weight": "647245830818561010214828",
            "support": "AGAINST",
            "percent": 0.4602257516938546
          },
          {
            "votes": "1729",
            "weight": "181386042916548217804029",
            "support": "ABSTAIN",
            "percent": 0.12897499523862252
          }
        ],
        "participationType": "notdelegate",
        "tallyProposal": {
          "id": "b7098d32-61d0-4623-a382-c3af092c044a",
          "createdAt": "2024-01-18T17:57:39.817503Z",
          "status": "CONFIRMED"
        }
      },
      {
        "id": "98889951328992702889653461987621825257851718470562453684547824130828387112157",
        "title": "# [UPDATED] Experimental Delegates Incentive System",
        "start": {
          "id": "eip155:1:18967793",
          "number": 18967793,
          "timestamp": "2024-01-09T07:02:23Z"
        },
        "end": {
          "id": "eip155:1:19068593",
          "number": 19068593,
          "timestamp": "2024-01-23T09:52:11Z"
        },
        "governanceId": "eip155:42161:0x789fC99093B09aD01C34DC7251D0C89ce743e5a4",
        "proposer": {
          "id": "eip155:1:0xAbAbE91A907fAdff921720C43ABe4098e7245E99"
        },
        "voteStats": [
          {
            "votes": "15368",
            "weight": "134233819908043466392321002",
            "support": "FOR",
            "percent": 97.13709123249686
          },
          {
            "votes": "2445",
            "weight": "447541273339141242874362",
            "support": "AGAINST",
            "percent": 0.3238591997786619
          },
          {
            "votes": "1680",
            "weight": "3508714519727167836410398",
            "support": "ABSTAIN",
            "percent": 2.539049567724486
          }
        ],
        "participationType": "notdelegate",
        "tallyProposal": {
          "id": "bb17f726-0cd7-45a0-a69a-ebb64e1b9b0e",
          "createdAt": "2024-01-06T05:44:43.18259Z",
          "status": "CONFIRMED"
        }
      },
      {
        "id": "56002054155248055908873103086558103132748843103210580613728556162036150296506",
        "title": "# [Updated] Proposal to Establish the Arbitrum Research & Development Collective",
        "start": {
          "id": "eip155:1:18964453",
          "number": 18964453,
          "timestamp": "2024-01-08T19:45:59Z"
        },
        "end": {
          "id": "eip155:1:19065253",
          "number": 19065253,
          "timestamp": "2024-01-22T22:34:35Z"
        },
        "governanceId": "eip155:42161:0x789fC99093B09aD01C34DC7251D0C89ce743e5a4",
        "proposer": {
          "id": "eip155:1:0xb5B069370Ef24BC67F114e185D185063CE3479f8"
        },
        "voteStats": [
          {
            "votes": "12404",
            "weight": "115720403505329179803101776",
            "support": "FOR",
            "percent": 81.31622726195398
          },
          {
            "votes": "4768",
            "weight": "24223677737909979062722193",
            "support": "AGAINST",
            "percent": 17.021873622878534
          },
          {
            "votes": "1840",
            "weight": "2365033925796876172593244",
            "support": "ABSTAIN",
            "percent": 1.6618991151674773
          }
        ],
        "participationType": "notdelegate",
        "tallyProposal": {
          "id": "0b10c0f4-4808-4cf0-88c3-314ac66de4b4",
          "createdAt": "2024-01-05T18:26:37.41323Z",
          "status": "CONFIRMED"
        }
      },
      {
        "id": "48996903531311678297225319178379421688557110940940578387634228127153623956997",
        "title": "# [Updated] Proposal to Establish the Arbitrum Research & Development Collective",
        "start": {
          "id": "eip155:1:18964449",
          "number": 18964449,
          "timestamp": "2024-01-08T19:45:11Z"
        },
        "end": {
          "id": "eip155:1:19065249",
          "number": 19065249,
          "timestamp": "2024-01-22T22:33:47Z"
        },
        "governanceId": "eip155:42161:0xf07DeD9dC292157749B6Fd268E37DF6EA38395B9",
        "proposer": {
          "id": "eip155:1:0xb5B069370Ef24BC67F114e185D185063CE3479f8"
        },
        "voteStats": [
          {
            "votes": "642",
            "weight": "148942281589269002061853",
            "support": "FOR",
            "percent": 0.5436506735911792
          },
          {
            "votes": "971",
            "weight": "27165520108021722657770383",
            "support": "AGAINST",
            "percent": 99.15621774820977
          },
          {
            "votes": "58",
            "weight": "82226113578900320673092",
            "support": "ABSTAIN",
            "percent": 0.3001315781990457
          }
        ],
        "participationType": "notdelegate",
        "tallyProposal": {
          "id": "fd1e5947-f2a2-4718-83bc-98f47a4a8701",
          "createdAt": "2024-01-05T16:47:22.799831Z",
          "status": "CONFIRMED"
        }
      },
      {
        "id": "6269372711941757139042689495856382466058496535755800373140231592090274906424",
        "title": "# Experimental Delegates Incentive System",
        "start": {
          "id": "eip155:1:18961418",
          "number": 18961418,
          "timestamp": "2024-01-08T09:29:23Z"
        },
        "end": {
          "id": "eip155:1:19062218",
          "number": 19062218,
          "timestamp": "2024-01-22T12:16:11Z"
        },
        "governanceId": "eip155:42161:0xf07DeD9dC292157749B6Fd268E37DF6EA38395B9",
        "proposer": {
          "id": "eip155:1:0xAbAbE91A907fAdff921720C43ABe4098e7245E99"
        },
        "voteStats": [
          {
            "votes": "776",
            "weight": "685050749567563840865458",
            "support": "FOR",
            "percent": 2.461741872871352
          },
          {
            "votes": "762",
            "weight": "25495102770183808315706563",
            "support": "AGAINST",
            "percent": 91.61709856114811
          },
          {
            "votes": "131",
            "weight": "1647733600214102392871351",
            "support": "ABSTAIN",
            "percent": 5.92115956598054
          }
        ],
        "participationType": "notdelegate",
        "tallyProposal": {
          "id": "582393d9-579e-48ba-8507-580fafb3739c",
          "createdAt": "2024-01-05T08:12:21.272545Z",
          "status": "CONFIRMED"
        }
      },
      {
        "id": "35525013043870715946223420504118237039230172376655957921569389087285511330636",
        "title": "# [UPDATED] Proposal to Establish the Arbitrum Research & Development Collective",
        "start": {
          "id": "eip155:1:18949940",
          "number": 18949940,
          "timestamp": "2024-01-06T18:32:59Z"
        },
        "end": {
          "id": "eip155:1:19050740",
          "number": 19050740,
          "timestamp": "2024-01-20T21:24:35Z"
        },
        "governanceId": "eip155:42161:0x789fC99093B09aD01C34DC7251D0C89ce743e5a4",
        "proposer": {
          "id": "eip155:1:0xb5B069370Ef24BC67F114e185D185063CE3479f8"
        },
        "voteStats": [
          {
            "votes": "1283",
            "weight": "2690311771649612064891461",
            "support": "FOR",
            "percent": 9.654546481101306
          },
          {
            "votes": "423",
            "weight": "25095928523364619609892204",
            "support": "AGAINST",
            "percent": 90.0601227591758
          },
          {
            "votes": "64",
            "weight": "79509555751672487273937",
            "support": "ABSTAIN",
            "percent": 0.28533075972289734
          }
        ],
        "participationType": "notdelegate",
        "tallyProposal": {
          "id": "73da0c89-cb05-4f73-9aa3-8be3beaf9192",
          "createdAt": "2024-01-03T17:29:34.885499Z",
          "status": "CONFIRMED"
        }
      },
      {
        "id": "55434268037459750836497365958054185343730937462615166912204494229415053613423",
        "title": "# [UPDATED] Proposal to Establish the Arbitrum Research & Development Collective",
        "start": {
          "id": "eip155:1:18949783",
          "number": 18949783,
          "timestamp": "2024-01-06T18:00:59Z"
        },
        "end": {
          "id": "eip155:1:19050583",
          "number": 19050583,
          "timestamp": "2024-01-20T20:52:35Z"
        },
        "governanceId": "eip155:42161:0xf07DeD9dC292157749B6Fd268E37DF6EA38395B9",
        "proposer": {
          "id": "eip155:1:0xb5B069370Ef24BC67F114e185D185063CE3479f8"
        },
        "voteStats": [
          {
            "votes": "1189",
            "weight": "2226220837127984581886229",
            "support": "FOR",
            "percent": 8.049962600364942
          },
          {
            "votes": "395",
            "weight": "25391028303062024072101399",
            "support": "AGAINST",
            "percent": 91.81336586901523
          },
          {
            "votes": "54",
            "weight": "37796574271566270240347",
            "support": "ABSTAIN",
            "percent": 0.13667153061982254
          }
        ],
        "participationType": "notdelegate",
        "tallyProposal": {
          "id": "31f64a67-f4c5-4e1f-be8c-77eadb606d6c",
          "createdAt": "2024-01-03T16:49:30.030019Z",
          "status": "CONFIRMED"
        }
      },
      {
        "id": "13830398746784164287014809687499019395362322167304875665797507515532859950760",
        "title": "# Proposal to Establish the Arbitrum Research & Development Collective",
        "start": {
          "id": "eip155:1:18949630",
          "number": 18949630,
          "timestamp": "2024-01-06T17:29:11Z"
        },
        "end": {
          "id": "eip155:1:19050430",
          "number": 19050430,
          "timestamp": "2024-01-20T20:21:35Z"
        },
        "governanceId": "eip155:42161:0xf07DeD9dC292157749B6Fd268E37DF6EA38395B9",
        "proposer": {
          "id": "eip155:1:0xb5B069370Ef24BC67F114e185D185063CE3479f8"
        },
        "voteStats": [
          {
            "votes": "1209",
            "weight": "2185041519587312801016151",
            "support": "FOR",
            "percent": 7.900490462049862
          },
          {
            "votes": "423",
            "weight": "25445239242508475265956422",
            "support": "AGAINST",
            "percent": 92.00276888925362
          },
          {
            "votes": "59",
            "weight": "26755596383426275772643",
            "support": "ABSTAIN",
            "percent": 0.09674064869652395
          }
        ],
        "participationType": "notdelegate",
        "tallyProposal": {
          "id": "d5725adf-7a37-4b91-82aa-b1c96a440cac",
          "createdAt": "2024-01-03T16:24:21.145363Z",
          "status": "CONFIRMED"
        }
      },
      {
        "id": "77069694702187027448745871790562515795432836429094222862498991082283032976814",
        "title": "# AIP: ArbOS Version 11",
        "start": {
          "id": "eip155:1:18859404",
          "number": 18859404,
          "timestamp": "2023-12-25T01:11:35Z"
        },
        "end": {
          "id": "eip155:1:18960204",
          "number": 18960204,
          "timestamp": "2024-01-08T05:23:47Z"
        },
        "governanceId": "eip155:42161:0xf07DeD9dC292157749B6Fd268E37DF6EA38395B9",
        "proposer": {
          "id": "eip155:1:0xb5B069370Ef24BC67F114e185D185063CE3479f8"
        },
        "voteStats": [
          {
            "votes": "18192",
            "weight": "169579454940918293927604359",
            "support": "FOR",
            "percent": 99.79031221305976
          },
          {
            "votes": "2585",
            "weight": "317521327795237568369954",
            "support": "AGAINST",
            "percent": 0.18684782567576558
          },
          {
            "votes": "1797",
            "weight": "38813268504778059812100",
            "support": "ABSTAIN",
            "percent": 0.02283996126447361
          }
        ],
        "participationType": "notdelegate",
        "tallyProposal": {
          "id": "d2fbdf6a-1458-415a-8817-264b8de40679",
          "createdAt": "2023-12-21T23:09:24.769833Z",
          "status": "CONFIRMED"
        }
      },
      {
        "id": "107148500545417261921864085816276971795902152093375547084153298266650813470763",
        "title": "# Empowering Early Contributors: The community Arbiter Proposal",
        "start": {
          "id": "eip155:1:18614953",
          "number": 18614953,
          "timestamp": "2023-11-20T19:02:35Z"
        },
        "end": {
          "id": "eip155:1:18715753",
          "number": 18715753,
          "timestamp": "2023-12-04T21:42:23Z"
        },
        "governanceId": "eip155:42161:0x789fC99093B09aD01C34DC7251D0C89ce743e5a4",
        "proposer": {
          "id": "eip155:1:0xb5B069370Ef24BC67F114e185D185063CE3479f8"
        },
        "voteStats": [
          {
            "votes": "17546",
            "weight": "52325388755721832328852217",
            "support": "FOR",
            "percent": 29.91443530437282
          },
          {
            "votes": "6710",
            "weight": "104669294196042653389310915",
            "support": "AGAINST",
            "percent": 59.83945660106524
          },
          {
            "votes": "896",
            "weight": "17922169809527759385203888",
            "support": "ABSTAIN",
            "percent": 10.246108094561942
          }
        ],
        "participationType": "notdelegate",
        "tallyProposal": {
          "id": "4ebd258f-c1be-4113-b0c5-82ffd1686c16",
          "createdAt": "2023-11-15T21:52:19.069144Z",
          "status": "CONFIRMED"
        }
      },
      {
        "id": "13413460212244439965325761903593975061091934953503684497413508380387288651335",
        "title": "# ",
        "start": {
          "id": "eip155:1:18601347",
          "number": 18601347,
          "timestamp": "2023-11-18T21:18:35Z"
        },
        "end": {
          "id": "eip155:1:18702147",
          "number": 18702147,
          "timestamp": "2023-12-02T23:57:47Z"
        },
        "governanceId": "eip155:42161:0x789fC99093B09aD01C34DC7251D0C89ce743e5a4",
        "proposer": {
          "id": "eip155:1:0xb5B069370Ef24BC67F114e185D185063CE3479f8"
        },
        "voteStats": [
          {
            "votes": "18449",
            "weight": "143148898180978100072468436",
            "support": "FOR",
            "percent": 66.03611284579696
          },
          {
            "votes": "5521",
            "weight": "73442779468261776849979762",
            "support": "AGAINST",
            "percent": 33.87993714449404
          },
          {
            "votes": "720",
            "weight": "181981507908965274212850",
            "support": "ABSTAIN",
            "percent": 0.08395000970899273
          }
        ],
        "participationType": "notdelegate",
        "tallyProposal": {
          "id": "da463edb-e4e1-41a1-a54f-c6ac44962b82",
          "createdAt": "2023-11-15T20:00:16.166363Z",
          "status": "CONFIRMED"
        }
      },
      {
        "id": "92535731414466076465748260699234569033779695239254902723866669906112586724812",
        "title": "# AIP 9: Arbitrum Short-term Incentive Program",
        "start": {
          "id": "eip155:1:18216037",
          "number": 18216037,
          "timestamp": "2023-09-25T23:19:35Z"
        },
        "end": {
          "id": "eip155:1:18316837",
          "number": 18316837,
          "timestamp": "2023-10-10T01:40:11Z"
        },
        "governanceId": "eip155:42161:0x789fC99093B09aD01C34DC7251D0C89ce743e5a4",
        "proposer": {
          "id": "eip155:1:0xb5B069370Ef24BC67F114e185D185063CE3479f8"
        },
        "voteStats": [
          {
            "votes": "26093",
            "weight": "186037014908152777853599252",
            "support": "FOR",
            "percent": 99.17821143161343
          },
          {
            "votes": "1762",
            "weight": "1477390376985602844539496",
            "support": "AGAINST",
            "percent": 0.7876117301067701
          },
          {
            "votes": "633",
            "weight": "64108405271612326558992",
            "support": "ABSTAIN",
            "percent": 0.034176838279793814
          }
        ],
        "participationType": "notdelegate",
        "tallyProposal": {
          "id": "7485e35e-456c-42c4-8f83-3547a6314876",
          "createdAt": "2023-09-22T20:53:50.322926Z",
          "status": "CONFIRMED"
        }
      }
    ]
  }
}